සබ්	E	sub	
බ්ලොග්	E	blog	
ෆිල්ම්	E	film	
බස්	N	bus	
කමෙන්ට්	E	comment	
ඉන්දියාවේ	P	India	වේ
පොලිස්	N	police	
බයිස්කෝප්	N	bioscope	
සිනමා	N	cinema	
පොලිසිය	N	police	ිය
සෙට්	E	set	
වෙබ්	E	web	
ක්‍රිකට්	N	cricket	
දෙපාර්තමේන්තුව	N	department	ුව
ඉන්දියාව	P	India	ව
පොලිසියට	N	police	ියට
ටෙලි	N	tele	
ඇනෝ	E	anon	
ඉන්දියානු	P	India	නු
සර්	N	sir	
පෝස්ට්	E	post	
කාර්	N	car	
මෝටර්	N	motor	
වීඩියෝ	E	video	
කොපි	E	copy	
කොමෙන්ට්	E	comment	
ඇමරිකාවේ	P	America	වේ
සයිට්	E	site	
තෑන්ක්ස්	E	thanks	
ආසියාවේ	P	Asia	වේ
මිලියන	N	million	
ඉස්කෝලෙ	N	school	ෙ
පොලීසිය	N	police	ිය
ඉස්කෝලේ	N	school	ේ
චීන	P	Chinese	
බැංකු	N	bank	ු
ඩොලර්	N	dollar	
‍පොලිස්	N	police	
පාර්ලිමේන්තු	N	parliament	ු
කැම්පස්	E	campus	
අරාබි	P	Arab	
යුරෝපීය	P	European	
ඔෆිස්	E	office	
ඉන්දියාවෙන්	P	India	වෙන්
සීන්	E	scene	
එංගලන්තයේ	P	England	යේ
රබර්	N	rubber	
කොපියක්	E	copy	යක්
ලින්ක්	E	link	
ඇමරිකාව	P	America	ව
ඇමෙරිකානු	P	American	
ඇමෙරිකාව	P	America	ව
ඇමරිකානු	P	American	
ඉන්දියාවට	P	India	වට
වෑන්	N	van	
සිවිල්	N	civil	
චීනය	P	China	ය
ඇමරිකාවට	P	America	වට
කේස්	E	case	
අංකල්	E	uncle	
බෝම්බ	N	bomb	
ෆේස්බුක්	P	Facebook	
ආසියානු	P	Asian	
අයිස්	N	ice	
යුරෝපයේ	P	Europe	යේ
ෆොටෝ	E	photo	
ඇපල්	N	apple	
මීටර්	N	meter	
රේඩියෝ	N	radio	
බෑග්	E	bag	
ගූගල්	P	Google	
දිස්ත්‍රික්	N	district	
කැසිනෝ	E	casino	
ජීප්	N	jeep	
සෑම්	P	Sam	
හෝටල්	N	hotel	
ජොබ්	E	job	
ලිස්ට්	E	list	
පොලිසියේ	N	police	ියේ
ඇනකොන්ඩා	E	anaconda	
කෝල්	E	call	
කොමිසම	N	commission	
තැන්ක්ස්	E	thanks	
බ්‍රිතාන්‍ය	P	British	
ඉන්දියාවෙ	P	India	වෙ
තායිලන්තයේ	P	Thailand	යේ
පොලිසියෙන්	N	police	ියෙන්
කැබිනට්	N	cabinet	
දෙපාර්තමේන්තුවේ	N	department	ුවේ
ෆෝන්	E	phone	
ටයිප්	E	type	
යුරෝපා	P	Europe	
ආසියාතික	P	Asiatic	
මෙගා	E	mega	
ප්‍රොෆයිල්	E	profile	
ඉංග්‍රීසියෙන්	P	English	යෙන්
කිලෝ	N	kilo	
ඉංග්‍රිසි	P	English	
ඩෙංගු	N	dengue	
ගේට්ටුව	N	gate	ටුව
බිලියන	N	billion	
රුසියාව	P	Russia	ව
කාඩ්	N	card	
ටොරන්ට්	E	torrent	
‍ෆිල්ම්	E	film	
කේක්	N	cake	
කොමිෂන්	N	commission	
මැජික්	E	magic	
ට්‍රයි	E	try	
දිස්ත්‍රික්කයේ	N	district	කයේ
ඉන්දියන්	P	Indian	
බැංකුවේ	N	bank	ුවේ
සිනමාව	N	cinema	ව
මිස්	E	miss	
රැග්	E	rag	
ඇමෙරිකාවට	P	America	වට
කැසට්	N	cassette	
ඉරානය	P	Iran	ය
ගේම	E	game	
පොලීසියට	N	police	ියට
හවුස්	E	house	
ඉන්දියා	P	India	
පාස්	E	pass	
ඉතාලියේ	P	Italy	යේ
ආසනික්	N	arsenic	
ගේමක්	E	game	ක්
ටියුෂන්	E	tuition	
ඒබ්‍රහම්	P	Abraham	
ප්ලෑන්	E	plan	
බිල්	N	bill	
රෝම	P	Rome	
ජුනි	N	June	
ඉතාලි	P	Italy	
තායි	P	Thai	
කොරල්	N	coral	
අප්‍රිකානු	P	African	ු
නිවුස්	E	news	
ප්‍රංශ	P	France	
ටීවී	E	TV	
අයින්ස්ටයින්	P	Einstein	
මැන්ඩෙලා	P	Mandela	
අප්‍රිකාවේ	P	Africa	වේ
බිස්නස්	E	business	
අරාබියේ	P	Arabia	යේ
ජේ	E	J	
පාර්ලිමේන්තුවේ	N	parliament	ුවේ
ජී	E	G	
මොන්ටිසෝරි	N	Montessori	
බයිස්කොප්	N	bioscope	
හිට්ස්	E	hits	
‍පොලිසිය	N	police	ිය
කේ	E	K	
සිගරට්	N	cigarette	
නෝර්වේ	P	Norway	
මැෂින්	E	machine	
කමිටුව	N	committee	ුව
යුරෝපය	P	Europe	ය
කොරියාව	P	Korea	ව
මේල්	E	mail	
රිචඩ්	P	Richard	
අප්‍රේල්	N	April	
බෝල්	E	ball	
ඉස්කෝලෙට	N	school	ෙට
ටෙස්ට්	E	test	
කැමරා	N	camera	
ටොයිලට්	E	toilet	
ඊජිප්තුවේ	P	Egypt	ුවේ
එම්	E	M	
බුරුමයේ	P	Burma	යේ
තැන්කූ	E	thank you	
හිට්ලර්	P	Hitler	
ඇන්ටි	E	aunty	
කොරියානු	P	Korean	ු
ඉංගිරිසි	P	English	
සිනමාවේ	N	cinema	වේ
එංගලන්තේ	P	England	ේ
පාර්ලිමේන්තුව	N	parliament	ුව
මැලේසියාවේ	P	Malaysia	වේ
දෙපාර්තමේන්තුවට	N	department	ුවට
පැකට්	N	packet	
ගෑස්	N	gas	
චීනයට	P	China	යට
ටිකට්	N	ticket	
කොරියාවේ	P	Korea	වේ
ඩවුන්ලෝඩ්	E	download	
මෑන්	E	man	
ජපන්	P	Japan	
කොමෙන්ටුවක්	E	comment	ුවක්
ආර්	E	R	
අන්කල්	E	uncle	
මක්කම	P	Mecca	
කොන්ක්‍රීට්	N	concrete	
ඊජිප්තු	P	Egypt	ු
ඇමෙරිකාවේ	P	America	වේ
මීටරයක්	N	metre	යක්
ජූරි	N	jury	
නෙල්සන්	P	Nelson	
ලිනක්ස්	P	Linux	
පෝල්	P	Paul	
පොස්ට්	E	post	
මියුසික්	E	music	
ඊමේල්	E	email	
ෂුවර්	E	sure	
කිලෝමීටර්	N	kilometre	
කැප්ටන්	E	captain	
චාලි	P	Charlie	
බැංකොක්	P	Bangkok	
හලෝ	E	hello	
එච්	E	H	
ගැසට්	N	gazette	
ආතර්	P	Arthur	
සිංගප්පූරුවේ	P	Singapore	ුවේ
ගෝල්ඩන්	E	golden	
සයිබර්	E	cyber	
කමිටුවේ	N	committee	ුවේ
ජිනීවා	P	Geneva	
ටීවි	E	TV	
පිස්තෝලයක්	N	pistol	යක්
ජූලි	N	July	
ස්ටීවන්	P	Stephen	
මාර්කට්	E	market	
කමෙන්ටුවක්	E	comment	ුවක්
මැච්	E	match	
බෝතලයක්	N	bottle	යක්
බුරුම	P	Burma	
රොබට්	P	Robert	
දිස්ත්‍රික්කය	N	district	ය
රොක්	E	rock	
සැමුවෙල්	P	Samuel	
බෝම්බයක්	N	bomb	යක්
එංගලන්තය	P	England	ය
එල්ටීටීඊ	E	LTTE	
මරියා	P	Maria	
වික්ටර්	P	Victor	
ට්‍රක්	E	truck	
රම්බෝ	P	Rambo	
ලින්කන්	P	Lincoln	
පාට්	E	part	
ක්‍රිස්තු	P	Christ	
ෂෙල්ටන්	P	Shelton	
ආසියාව	P	Asia	ව
චැනල්	E	channel	
ෂර්ට්	E	shirt	
ඇල්බට්	P	Albert	
ඒඩ්ස්	N	AIDS	
ඉංජිනේරු	N	engineer	ු
ටෝක්	E	talk	
මර්වින්	P	Mervyn	
කැනඩාවට	P	Canada	වට
ජපානයේ	P	Japan	යේ
ඉරානයේ	P	Iran	යේ
සිමෙන්ති	N	cement	ි
හෝල්	E	hall	
එරික්	P	Eric	
කොමිසමේ	N	commission	ේ
හෝටලයේ	N	hotel	යේ
රැඩිකල්	E	radical	
කාටූන්	N	cartoon	
සවුදි	P	Saudi	
අරාබිය	P	Arabia	ය
ඇමරිකාවෙ	P	America	වෙ
ඉස්කෝලෙන්	N	school	ෙන්
කොස්තාපල්	N	constable	
රුසියාවට	P	Russia	වට
දිස්ත්‍රික්කයට	N	district	කයට
ඇරිස්ටෝටල්	P	Aristotle	
එංගලන්තෙ	P	England	ෙ
මාකට්	E	market	
වික්ටෝරියානු	P	Victorian	
ඔබාමා	P	Obama	
ගාන්ධි	P	Gandhi	
ෆේස්	E	face	
ලව්	E	love	
මාස්ටර්	E	master	
මහේස්ත්‍රාත්වරයා	N	magistrate	වරයා
රොකට්	N	rocket	
සැම්සන්	P	Samson	
ලයින්	E	line	
සීට්	E	seat	
පාර්ලිමේන්තුවට	N	parliament	ුවට
ප්ලාස්ටික්	N	plastic	
මාර්ටින්	P	Martin	
ග්‍රෑම්	N	gram	
බෝට්ටු	N	boat	ටු
සිරිල්	P	Cyril	
කෙන්ජි	P	Kenji	
අමෙරිකානු	P	American	
වීසා	N	visa	
ෆුල්	E	full	
නෙට්	E	net	
‍පොලීසියට	N	police	ියට
කොමිස්	N	commission	
බනිස්	N	buns	
ඉස්පිරිතාලෙට	N	hospital	ෙට
ප්ලේ	E	play	
සෙක්ස්	E	sex	
ස්පාටකස්	P	Spartacus	
ෆිල්ම්ස්	E	films	
සපෝට්	E	support	
සැලොන්	E	salon	
යුරෝපයට	P	Europe	යට
බොක්ස්	E	box	
බැංකුව	N	bank	ුව
ආසියා	P	Asia	
පාර්ලිමේන්තුවේදී	N	parliament	ුවේදී
ඛාන්	P	Khan	
අප්ඩේට්	E	update	
රගර්	N	rugger	
ඇමෙරිකන්	P	American	
ස්පාඤ්ඤ	P	Spain	
සිනමාවට	N	cinema	වට
ප්‍රෝග්‍රෑම්	E	program	
රෙගුලාසි	N	regulations	
රුසියානු	P	Russian	
රවුම්	N	round	
ජනරාල්	N	general	
බැංකුවෙන්	N	bank	ුවෙන්
රුසියාවේ	P	Russia	වේ
සිරියානු	P	Syrian	
සොරි	E	sorry	
සයිස්	E	size	
කාල්	P	Karl	
ෆයර්	E	fire	
මැක්ස්	P	Max	
බොන්ඩ්	E	bond	
කැබ්	E	cab	
කොමිසමක්	N	commission	ක්
කොමෙන්ටු	E	comment	ු
ලොක්	E	lock	
මාර්ක්	P	Mark	
ස්කොට්	P	Scott	
ඇමේසන්	P	Amazon	
ඔස්ට්‍රේලියාවේ	P	Australia	වේ
ජෝන්	P	John	
ෂෝ	E	show	
බැංකුවක	N	bank	ුවක
කමෙන්ටුව	E	comment	ුව
සිග්නල්	E	signal	
බැක්ටීරියා	N	bacteria	
බෲස්	P	Bruce	
ඔක්තෝම්බර්	N	October	
සිංගප්පූරු	P	Singapore	
මැල්කම්	P	Malcolm	
එංගලන්තයට	P	England	යට
තායිලන්ත	P	Thailand	
බටර්	N	butter	
සර්ගේ	E	sir	ගේ
සුපර්	E	super	
ඇඩ්මින්	E	admin	
සයිකල්	N	cycle	
ගරිල්ලන්	N	guerrilla	න්
හෝටලය	N	hotel	ය
චෙක්	E	check	
ජේසුස්	P	Jesus	
කමිටුවක්	N	committee	ුවක්
ටීචර්	E	teacher	
සීසර්	P	Caesar	
ඩේටා	E	data	
ස්කොට්ලන්තයේ	P	Scotland	යේ
ඉස්පිරිතාලේ	N	hospital	ේ
ලන්ඩන්	P	London	
වින්ඩෝස්	P	Windows	
බ්ලොගය	E	blog	ය
ගේට්ටු	N	gate	ටු
සීඩී	E	CD	
රේසින්	E	racing	
පෘතුගීසි	P	Portuguese	
නිව්ටන්	P	Newton	
ඉංග්‍රීසීන්	P	English	ීන්
බැංකුවලට	N	bank	ුවලට
එන්ජිම	N	engine	ම
කරන්ට්	N	current	
ලෙස්ටර්	P	Lester	
ජැක්සන්	P	Jackson	
මීෂ්කා	P	Mishka	
රෝවර්	E	rover	
ටෙන්ඩර්	N	tender	
ජෙනරාල්	N	general	
වික්ටර්ගෙ	P	Victor	ගෙ
සයිඩ්	E	side	
හැරිසන්	P	Harrison	
කෝච්චිය	N	coach	චිය
රසල්	P	Russell	
සෝයා	N	soya	
සෞදි	P	Saudi	
ඩැනී	P	Danny	
ජෝ	P	Joe	
බැංකුවට	N	bank	ුවට
බ්‍රිතාන්‍යයේ	P	Britain	යේ
මහේස්ත්‍රාත්	N	magistrate	
කාටුන්	N	cartoon	
සින්ඩි	P	Cindy	
ඊශ්‍රායලය	P	Israel	ය
ලෙවල්	E	level	
සෝවියට්	P	Soviet	
කෝච්චි	N	coach	චි
එංගලන්ත	P	England	
ඊඩිපස්	P	Oedipus	
ඕලන්ද	P	Holland	
බිස්කට්	N	biscuit	
බෝඩිමේ	N	boarding	මේ
චීස්	N	cheese	
හෝම්ස්	P	Holmes	
තමිල්නාඩු	P	Tamil Nadu	
චීනෙන්	P	China	ෙන්
‍පොලිසියේ	N	police	ියේ
ජොලියේ	N	jolly	යේ
හෝටලයට	N	hotel	යට
මැලේසියාවට	P	Malaysia	වට
ලොරි	N	lorry	
කමෙන්ට්ස්	E	comments	
අෆ්රිඩි	P	Afridi	
ඉන්ටර්නෙට්	E	internet	
ලේක්	E	lake	
ඇනිමේෂන්	E	animation	
ඔස්ට්‍රේලියාව	P	Australia	ව
ෆ්‍රොයිඩ්	P	Freud	
මාක්ස්වාදී	P	Marx	වාදී
ටීම්	E	team	
ක්ලාස්	E	class	
ජිප්සීස්	E	gypsies	
රැප්	E	rap	
හෝටල්වල	N	hotel	වල
වික්ටර්ගේ	P	Victor	ගේ
ප්‍රින්සිපල්	E	principal	
චාල්ස්	P	Charles	
ප්ලීස්	E	please	
ගාගමෙල්	P	Gargamel	
චාටර්	E	charter	
පොලීසියේ	N	police	ියේ
රිප්ලයි	E	reply	
නිවුටන්	P	Newton	
තැන්කු	E	thank you	
කල්වාරි	P	Calvary	
ඔලිවර්	P	Oliver	
ග්‍රේටල්	P	Gretel	
හැන්සල්	P	Hansel	
ෆොන්ට්	E	font	
රෙජීමයේ	E	regime	යේ
කෝච්චියට	N	coach	චියට
කැමරාවේ	N	camera	වේ
ටැංකියට	N	tank	ියට
බෙන්	P	Ben	
වයින්	N	wine	
ඇමරිකා	P	America	
බ්ලොගයේ	E	blog	යේ
ජෝක්ස්	E	jokes	
ට්‍රිප්	E	trip	
ස්ටේෂන්	E	station	
රයන්	P	Ryan	
වොෂින්ටන්	P	Washington	
බග්	E	bug	
නෝට්ටුවක්	N	note	ටුවක්
ග්‍රැන්විල්	P	Granville	
ඇල්ෆා	N	alpha	
සැටලයිට්	E	satellite	
වියට්නාමයේ	P	Vietnam	යේ
මොබයිල්	E	mobile	
බසය	N	bus	ය
මොරියාටි	P	Moriarty	
ආම්ස්ට්‍රෝං	P	Armstrong	
හොලිවුඩ්	P	Hollywood	
පවුම්	N	pound	
මොංගල්	P	Mongol	
රුසියානුවන්	P	Russian	වන්
අප්ලෝඩ්	E	upload	
ලියනාඩෝ	P	Leonardo	
ග්‍රෙගරි	P	Gregory	
ඉස්කෝල	N	school	
එංජිම	N	engine	ම
ඉරාකය	P	Iraq	ය
හමාස්	P	Hamas	
ඔස්කාර්	P	Oscar	
ලෝඩ්	E	load	
නිව්ස්	E	news	
ක්ලික්	E	click	
ලිබියාව	P	Libya	ව
ඉංග්‍රීසියට	P	English	යට
ඔපෙරා	N	opera	
කොමෙන්ටුවට	E	comment	ුවට
අයිස්ක්‍රීම්	N	ice cream	
සැලඩ්	E	salad	
ඊජිප්තුවෙ	P	Egypt	ුවෙ
පොසිල	N	fossil	
කැමරාව	N	camera	ව
කින්ග්	P	King	
තායිලන්තය	P	Thailand	ය
ක්‍රීම්	N	cream	
ඩාවින්ගේ	P	Darwin	ගේ
හෝටලේක	N	hotel	ේක
මාක්ස්ගේ	P	Marx	ගේ
ජෑම්	N	jam	
මයිකල්	P	Michael	
ඇමරිකාවෙන්	P	America	වෙන්
කර්නල්	N	colonel	
අමෙරිකා	P	America	
නොක්ස්	P	Knox	
හෝටලයක්	N	hotel	යක්
බ්ලොක්	E	block	
ඉලෙක්ට්‍රෝන	N	electron	
විලියම්	P	William	
කිලෝමීටර	N	kilometre	
ඩේවිඩ්	P	David	
ඩබල්	E	double	
කාටුන්වල	N	cartoon	වල
ගැරේජ්	E	garage	
බීබීසී	P	BBC	
බැටරි	N	battery	
ප්‍රින්ට්	E	print	
ඕඩර්	E	order	
චොකලට්	N	chocolate	
පොලීසියෙන්	N	police	ියෙන්
හෝමෝන	N	hormone	
යුරෝපීයයන්ට	P	Europe	ීයයන්ට
පාව්ලික්	P	Pavlik	
සීරිස්	E	series	
මසාජ්	E	massage	
හැනිබාල්	P	Hannibal	
ටවර්	E	tower	
බොලිවුඩ්	P	Bollywood	
ජොලියක්	N	jolly	යක්
අමිතාබ්	P	Amitabh	
ජැක්	P	Jack	
සෑම්ටයි	P	Sam	ටයි
ඩීන්ටයි	P	Dean	ටයි
කෝච්චියක්	N	coach	චියක්
නොක්ස්ගේ	P	Knox	ගේ
ෆන්	E	fun	
ටොරොන්ටෝ	P	Toronto	
මාක්ස්වාදීන්	P	Marx	වාදීන්
චාන්ස්	E	chance	
කැමරාවෙන්	N	camera	වෙන්
ස්කයිප්	P	Skype	
ඒජන්ට්	E	agent	
කබඩ්	N	cupboard	
බෝට්ටුවක්	N	boat	ටුවක්
බ්‍රයන්	P	Brian	
ෂර්ලොක්	P	Sherlock	
ප්‍රෝටීන	N	protein	
විස්කි	N	whisky	
කේජ්	P	Cage	
ආසියාවට	P	Asia	වට
ජිල්	P	Jill	
රේගන්	P	Reagan	
වෙල්කම්	E	welcome	
නොර්වේ	P	Norway	
හෑන්ඩ්	E	hand	
නෝ	E	no	
අයිටීඑන්	E	ITN	
ගෝබි	P	Gobi	
ලයිසන්	N	licence	
බැච්	E	batch	
වියට්නාම්	P	Vietnam	
සුනාමි	N	tsunami	
අරාබියෙ	P	Arabia	යෙ
කොමිසම්	N	commission	
ලෙස්බියන්	E	lesbian	
පොලිසි	N	police	ි
බාමියන්	P	Bamiyan	
සිරප්	E	syrup	
නර්ස්	E	nurse	
මැලේසියාව	P	Malaysia	ව
ජස්මින්ව	P	Jasmine	ව
ග්‍රීක	P	Greek	
මැෂිම	N	machine	
යුනිකෝඩ්	P	Unicode	
ඩ්‍රයිවර්	E	driver	
ඒරියා	E	area	
කැමරාවක්	N	camera	වක්
කිලෝමීටර්ක්	N	kilometre	ක්
කමිටු	N	committee	ු
ජෝසප්	P	Joseph	
තායිලන්තයට	P	Thailand	යට
ක්ලිප්	E	clip	
සීරීස්	E	series	
යුරේනියම්	N	uranium	
ඉෆෙක්ට්ස්	E	effects	
පාටියට	N	party	යට
සක්බර්ග්ගෙන්	P	Zuckerberg	ගෙන්
එලියට්	P	Eliot	
මීටින්	E	meeting	
මැකා‍ෆි	P	McAfee	
ස්පෑම්	E	spam	
ඊතන්ගෙ	P	Ethan	ගෙ
කාරෙකෙන්	N	car	ෙකෙන්
ඇන්ජලිස්	P	Angeles	
කියොතෝ	P	Kyoto	
බෑන්ඩ්	E	band	
බයිබලේ	N	Bible	ේ
ඊශ්‍රායල්	P	Israel	
බේට්ස්	P	Bates	
ඉංග්‍රීසින්	P	English	ින්
මැලේසියානු	P	Malaysia	නු
මාකේස්	P	Marquez	
හෝටලේ	N	hotel	ේ
ට්විටර්	P	Twitter	
කරච්චි	P	Karachi	
මේට්‍රික්ස්	P	Matrix	
කොමෙන්ට්ස්	E	comments	
බයිසිකල්	N	bicycle	
යේසුස්	P	Jesus	
ෆ්‍රී	E	free	
සෝර්බා	P	Zorba	
සීසන්	E	season	
ගැප්	E	gap	
අමෙරිකාවේ	P	America	වේ
මීඩියා	E	media	
ඉවාන්	P	Ivan	
කේබල්	E	cable	
මැෂිමක්	N	machine	ක්
සර්ච්	E	search	
ජර්මන්	P	German	
පාටියක්	N	party	යක්
එෆ්	E	F	
ගේමට	E	game	ට
අලිපුර්දුවාර්	P	Alipurduar	
ප්ලේයර්	E	player	
ඉලෙක්ට්‍රොනික	N	electronic	
සෑම්ට	P	Sam	ට
කයිරෝ	P	Cairo	
පෝස්ටර්	E	poster	
සිග්මන්	P	Sigmund	
නේටෝ	P	NATO	
විකිලීක්ස්	P	WikiLeaks	
ඇමරිකන්	P	American	
ගේට්ටුවෙන්	N	gate	ටුවෙන්
ඩෙරෙක්	P	Derek	
ජගුවරයා	N	jaguar	යා
ටැබ්ලට්	E	tablet	
හැරීගේ	P	Harry	ගේ
ගඩාෆි	P	Gaddafi	
හැරීගෙන්	P	Harry	ගෙන්
මාග්‍රට්	P	Margaret	
ග්‍රීන්	E	green	
කොපිය	N	copy	ය
කැන්ටර්	P	Canter	
ඇට්ලස්	E	atlas	
ඩිස්නි	P	Disney	
ගවුම්	N	gown	
යෝගට්	N	yoghurt	
ඉන්දියානුවා	P	India	නුවා
ඔකේ	E	okay	
සැන්ඩ්‍රා	P	Sandra	
ටෙලිනාට්‍යයේ	N	tele	නාට්‍යයේ
පාරේලිමේන්තු	N	parliament	ු
ලොරිය	N	lorry	ය
රිපෝට්	E	report	
බෝඩ්	E	board	
එඩ්වඩ්	P	Edward	
ඉරානයට	P	Iran	යට
නිකලස්	P	Nicolas	
මේරි	P	Mary	
මාර්කෝ	P	Marco	
ඩාන්ස්	E	dance	
මියන්මාර්	P	Myanmar	
ගේට්	E	gate	
මිලිටරි	E	military	
ක්‍රෙඩිට්	E	credit	
ජේසුතුමා	P	Jesus	තුමා
අමෙරිකාව	P	America	ව
කොමිසමට	N	commission	ට
කොමියුනිස්ට්	N	communist	
ඔස්කා	P	Oscar	
ෆයිල්	E	file	
පාර්ලිමේන්තුවක්	N	parliament	ුවක්
පේටන්ට්	E	patent	
හවායි	P	Hawaii	
ලතින්	P	Latin	
ස්ටාර්	E	star	
ස්ටයිල්ස්	E	styles	
වීඩියෝව	E	video	ව
ඇප්	E	app	
චොක්ලට්	N	chocolate	
ජෝන්ගේ	P	John	ගේ
විලියර්ස්	P	Villiers	
පෙන්	E	pen	
රුසියන්	P	Russian	
ජපානය	P	Japan	ය
කොයිරාල	P	Koirala	
මැන්ඩෙලාගේ	P	Mandela	ගේ
ගුජරාටයේ	P	Gujarat	යේ
කවර්	E	cover	
මැනේජ්මන්ට්	E	management	
ඩයරි	E	diary	
පොටර්	P	Potter	
තායිවානය	P	Taiwan	ය
පකිස්ථානය	P	Pakistan	ය
මාස්ටර්ගේ	N	master	ගේ
බච්චන්	P	Bachchan	
මැතිව්ස්	P	Mathews	
ක්ලැරන්ස්	P	Clarence	
පොෂ්	E	posh	
ඔෆීස්	E	office	
පැකේජ්	E	package	
ෂෝහිබ්	P	Shoaib	
ඉතාලියෙන්	P	Italy	යෙන්
ජිනීවාවලදී	P	Geneva	වලදී
෴බයිස්කෝප්	N	bioscope	
ලෝගෝව	E	logo	ව
බෙකට්	P	Beckett	
සිම්පල්	E	simple	
ටූල්	E	tool	
කා‍ටුන්	N	cartoon	
වෙරෝනිකා	P	Veronica	
පාහියන්	P	Fa-Hien	
ලින්කන්ගෙ	P	Lincoln	ගෙ
තෑන්ක්	E	thank	
එරික්ගේ	P	Eric	ගේ
නිකල්ස්	P	Nichols	
මාකස්	P	Marcus	
සිනමාකරණය	N	cinema	කරණය
යුරෝපේ	P	Europe	ේ
ගේට්ටුවේ	N	gate	ටුවේ
බයිසිකලයක	N	bicycle	යක
ටැලන්ට්	E	talent	
බැක්	E	back	
මාක්ස්වාදයත්	P	Marx	වාදයත්
බාර්	E	bar	
ක්ලේමෝ	E	claymore	
සල්මන්	P	Salman	
ෆ්‍රෙඩී	P	Freddie	
ඒඞ්ස්	N	AIDS	
කැලිෆෝනියාවේ	P	California	වේ
අයිසැක්	P	Isaac	
කියුබාවෙන්	P	Cuba	වෙන්
චිම්පන්සියෙකු	N	chimpanzee	යෙකු
මැරතන්	N	marathon	
කැම්පේන්	E	campaign	
මයිකල්ට	P	Michael	ට
කොමන්ට්	E	comment	
බුක්	E	book	
මාටින්	P	Martin	
සුනාමියක්	N	tsunami	යක්
ටොම්	P	Tom	
ලේබල්	E	label	
ලෝරන්ට්ස්	P	Lorentz	
ත්‍රීවීල්කාරයෝ	N	three-wheel	කාරයෝ
සිනමාහල්	N	cinema	හල්
සිම්රන්ට	P	Simran	ට
නෝට්ටුවකද	N	note	ටුවකද
ඇමරිකානුවන්	P	American	වන්
බර්ගිටා	P	Birgitta	
ෂැඩෝට	E	shadow	ට
දිස්ත්‍රික්ක	N	district	ක
සුඩානය	P	Sudan	ය
බිග්	E	big	
අප්සෙට්	E	upset	
ඩෙරික්	P	Derek	
බයිසිකලේ	N	bicycle	ේ
කොලෙජ්	E	college	
හෙරොයින්	N	heroin	
ඉවෝන්ගේ	P	Yvonne	ගේ
දෙපාර්තුමේන්තුව	N	department	ව
ඉකොබොඩ්	P	Ichabod	
නෝමන්	P	Norman	
බූට්	N	boot	
පාකිස්තානේ	P	Pakistan	ේ
හෝටලයේදී	N	hotel	යේදී
ලිප්ස්ටික්වත්	E	lipstick	වත්
කිට්	E	kit	
ඛන්නා	P	Khanna	
ටින්ටින්	P	Tintin	
චෝගම්	P	CHOGM	
රූම්	E	room	
බයික්	E	bike	
එඩ්ගා	P	Edgar	
කොරියා	P	Korea	
සුනාමියට	N	tsunami	යට
එයාර්	E	air	
හිට්ලර්ගෙත්	P	Hitler	ගෙත්
බොලීවියාවේ	P	Bolivia	වේ
ශයිලොක්ලා	P	Shylock	ලා
සෙනෙට්	N	senate	
සිලින්ඩරාකාර	N	cylinder	ාකාර
ස්ටීව්	P	Steve	
ටයිම්	E	time	
ටයි	E	tie	
රෝමයේ	P	Rome	යේ
අල්ට්‍රා	E	ultra	
කන්ටේනර්	E	container	
කාරය	N	car	ය
හැපි	E	happy	
බැංකුවෙ	N	bank	ුවෙ
මැනේජර්ගෙ	E	manager	ගෙ
බුකියේ	E	book	ියේ
මැතිව්	P	Matthew	
පිරමිඩ	N	pyramid	
ග්‍රැෆික්	E	graphic	
රෙජිමය	E	regime	ය
දනියෙල්	P	Daniel	
මිගෙල්	P	Miguel	
කොලිටි	E	quality	
හාඩ්වික්	P	Hardwick	
ජම්පරේ	N	jumper	ේ
රොබින්හූඩ්	P	Robin Hood	
රම්බෝව	P	Rambo	ව
පිලිපීනය	P	Philippines	ය
ත්‍රීවිල්	N	three-wheel	
පිනොකියෝ	P	Pinocchio	
ජැක්ව	P	Jack	ව
විලීගේ	P	Willie	ගේ
ඇක්ෂන්	E	action	
ගේට්ස්	P	Gates	
බුරුමය	P	Burma	ය
රින්ග	E	ring	
චාර්ල්ස්	P	Charles	
ඕපන්	E	open	
කොම්පියුටර්	E	computer	
බැබිලෝනියාවේ	P	Babylonia	වේ
ඉන්ග්ලිෂ්	E	English	
හස්බන්ඩ්	E	husband	
වයිෆ්	E	wife	
ලිමිට්	E	limit	
ස්ටීවන්ට	P	Stephen	ට
කෝච්චියෙ	N	coach	චියෙ
එවරස්ට්	P	Everest	
මුර්සි	P	Morsi	
ජීමේල්	P	Gmail	
ඔරිජිනල්	E	original	
දිස්ත්‍රික්කයෙන්	N	district	කයෙන්
පොසිලයේ	N	fossil	යේ
ෂර්ලොක්ට	P	Sherlock	ට
ඩොනල්ඩ්	P	Donald	
රෙජීමය	E	regime	ය
ස්පාටකස්ගේ	P	Spartacus	ගේ
යූස්	E	use	
ටාසන්	P	Tarzan	
සිනමාශාලා	N	cinema	ශාලා
වේගාස්	P	Vegas	
රිමාන්ඩ්	E	remand	
රොඩ්නි	P	Rodney	
මොඩර්න්	E	modern	
චිකාගෝ	P	Chicago	
මැරීඩ්	E	married	
ගල්ෆ්	P	Gulf	
ඩෙනී	P	Denny	
ත්‍රීවිලර්	N	three-wheeler	
ගොසිප්	E	gossip	
සිනමාවත්	N	cinema	වත්
ඉන්ටනෙට්	E	internet	
රුසියාවම	P	Russia	වම
රෝස්	E	rose	
ජෙට්	N	jet	
වීඩියෝවට	E	video	වට
සයිමන්	P	Simon	
චීනයයි	P	China	යයි
‍මියුසික්වලින්	E	music	වලින්
සමුරායි	E	samurai	
‍පොලිසියට	N	police	ියට
කේප්	P	Cape	
කෝච්චියේ	N	coach	චියේ
ඩයිනමයිට්	N	dynamite	
මැඩම්	E	madam	
ටෝනි	P	Tony	
වියට්කොං	P	Viet Cong	
ස්ටෝරි	E	story	
ඊවා	P	Eva	
අයර්ලන්තය	P	Ireland	ය
පොප්	E	pop	
මොන්ටිසෝරියක්	N	Montessori	යක්
මිසයිලය	N	missile	ය
කොපියට	N	copy	යට
කෝස්	E	course	
මීටර	N	metre	
පොලිසියත්	N	police	ියත්
ඇනිමේශන්	E	animation	
හෝටලේට	N	hotel	ේට
බිල්ට	N	bill	ට
පාකිස්තානු	P	Pakistan	ු
සබ්ජෙක්ටිව්	E	subjective	
ඉස්කෝලෙන්ද	N	school	ෙන්ද
ඩෙස්ක්	N	desk	
කොලනි	N	colony	
ඩිප්ලෝමා	N	diploma	
ත්‍රිවිල්	N	three-wheel	
සොන්යාගේ	P	Sonya	ගේ
ටින්	N	tin	
ටර්ම්	E	term	
ඕලෙවල්	E	O level	
ඉරාකයේ	P	Iraq	යේ
ලොරිවල	N	lorry	වල
බීච්	E	beach	
දිල්ලි	P	Delhi	
ටයර්	N	tyre	
මිලානෝ	P	Milano	
සිගරැට්	N	cigarette	
නෝට්ටු	N	note	ටු
බස්රියට	N	bus	රියට
ඕස්ට්‍රේලියාවේ	P	Australia	වේ
මිෂනාරි	N	missionary	
බෙකට්ගේ	P	Beckett	ගේ
ගොඩෝ	P	Godot	
ඉන්දියාවටත්	P	India	වටත්
බසයේ	N	bus	යේ
අයිරින්	P	Irene	
ඇලන්ගේ	P	Alan	ගේ
මන්මෝහන්	P	Manmohan	
ඇනිවර්සරි	E	anniversary	
හෙලිකොප්ටරය	N	helicopter	ය
කොමසාරිස්වරයාගේ	N	commissioner	වරයාගේ
ටැංකියක්	N	tank	ියක්
ඉස්පිරිතල	N	hospital	
ටෙලිනාට්‍යයට	N	tele	නාට්‍යයට
ඉංග්‍රිසියෙන්	P	English	යෙන්
එක්ස්	E	x	
එමිරේට්ස්	P	Emirates	
රයිනෝසිරස්ගේ	E	rhinoceros	ගේ
ඉංගී්‍රසි	P	English	
නිව්	P	New	
කමෙන්ටු	E	comment	ු
ඇලෙක්ස්	P	Alex	
ෂෝට්	E	short	
ඇන්ඩ්‍රොමීඩා	P	Andromeda	
ඉමිග්‍රේශන්	E	immigration	
සොෆියා	P	Sophia	
නිව්ගිනියාවේ	P	New Guinea	වේ
ෂාහ්	P	Shah	
බෙංගාල	P	Bengal	
රිෆ්ලෙක්ට්	E	reflect	
ඕස්ට්‍රේලියා	P	Australia	
ෆිල්ම්වලට	E	film	වලට
ඔගස්ටස්	P	Augustus	
පීඑච්ඩී	E	PhD	
චාලිට	P	Charlie	ට
පෙන්ෂන්	E	pension	
ටෙලිනාට්‍යවල	N	tele	නාට්‍යවල
හයිකු	E	haiku	
සපෝර්ට්	E	support	
රිලීස්	E	release	
ස්ටයිල්	E	style	
ආසියාවෙ	P	Asia	වෙ
කොම්පැනියක්	N	company	යක්
ලෝංහස්ට්	P	Longhurst	
මිෂෙල්	P	Michelle	
මුඛර්ජී	P	Mukherjee	
ඕවල්	P	Oval	
කාපට්	N	carpet	
හොලිවුඩයෙන්	P	Hollywood	යෙන්
බීජිං	P	Beijing	
රේඩියෝවත්	N	radio	වත්
සෙකුරිටියෝ	E	security	යෝ
ග්‍රීස්	N	grease	
කෝමා	E	coma	
ගිටාරයද	N	guitar	යද
හින්ට්	E	hint	
අල්ලාහ්	P	Allah	
ස්නෝඩන්	P	Snowden	
ටුවර්	E	tour	
පික්සල්	E	pixel	
ඇමෙරිකා	P	America	
ටෙලිනාට්‍ය	N	tele	නාට්‍ය
ෆයිට්	E	fight	
කැසීනෝ	E	casino	
දොස්තරලට	N	doctor	ලට
වික්ටෝරියා	P	Victoria	
විටමින්	N	vitamin	
තිම්පු	P	Thimphu	
ලින්කන්ට	P	Lincoln	ට
හේගල්	P	Hegel	
බැට්	N	bat	
මැඩගස්කරය	P	Madagascar	ය
යූටියුබ්	P	YouTube	
ආමිඑක	E	army	එක
සුනාමිය	N	tsunami	ය
ඊජිප්තුවරුන්ගේත්	P	Egypt	ුවරුන්ගේත්
කැටගරිය	E	category	ය
රෙපබ්ලිකන්	P	Republican	
ජිහාද්	E	jihad	
බියර්	N	beer	
බැසිල්ට	P	Basil	ට
බස්හිමියා	N	bus	හිමියා
ඩැනියල්	P	Daniel	
ඉංගිරිස්	P	English	
ඇෆ්ඝනිස්තානය	P	Afghanistan	ය
විල්සන්	P	Wilson	
ඩන්කන්	P	Duncan	
ඉස්කෝලෙදි	N	school	ෙදි
කොරියාවෙන්	P	Korea	වෙන්
ජේම්ස්	P	James	
අප්ඩේට්ස්	E	updates	
යුරෝපෙන්	P	Europe	ෙන්
ඩුබායි	P	Dubai	
පෝස්ටුවේ	N	post	ුවේ
රොජර්	P	Roger	
මොන්ටිසෝරියට	N	Montessori	යට
කොලෙස්ටරෝල්	N	cholesterol	
බොක්සිං	N	boxing	
අයර්ලන්තයේ	P	Ireland	යේ
ඇමරිකාවේම	P	America	වේම
නේපාලයෙන්	P	Nepal	යෙන්
රෙජිස්ටර්	E	register	
පාලම්පූර්	P	Palampur	
රිසර්ච්	E	research	
මර්ලින්	P	Merlin	
ජෝක්	E	joke	
රේන්ජ්	E	range	
ස්ලෝවැකියාවට	P	Slovakia	වට
රෝබෝ	E	robot	
කොයිල්	N	coil	
ට්‍රිපාටි	P	Tripathi	
හයිඩ්‍රා	E	hydra	
අල්කයීඩා	P	Al-Qaeda	
ෆෙයරි	E	fairy	
ගෝඩ්	E	god	
මදර්	E	mother	
සින්ඩියට	P	Cindy	යට
නෙවිල්	P	Neville	
මිෂනාරී	N	missionary	
බැංකුවකි	N	bank	ුවකි
ඩොකියුමන්ට්	E	document	
කොමියුනිස්ට්වාදියෙක්	N	communist	වාදියෙක්
පෙප්සි	P	Pepsi	
ඇපිටයිට්	E	appetite	
හයිකුව	E	haiku	ව
ඉන්දුනීසියාවේ	P	Indonesia	වේ
කසකස්ථාන්	P	Kazakhstan	
රෙනී	P	Rennie	
සිංග්පුරුවේ	P	Singapore	ුවේ
ආසියාවක්	P	Asia	වක්
ඩෝසන්	P	Dawson	
කැටගරි	E	category	
ෂොට්	E	shot	
සාෂා	P	Sasha	
පාර්ලිමේන්තුවෙන්	N	parliament	ුවෙන්
ඒසී	E	AC	
වොලියුම්	E	volume	
චාල්ස්ටන්	P	Charleston	
තැංකුයි	E	thank you	යි
ෆ්රොෆයිල්	E	profile	
සින්ඩරෙල්ලාට	P	Cinderella	ට
ගවුමකුයි	N	gown	කුයි
ගායස්	P	Gaius	
ස්නෝඩන්ට	P	Snowden	ට
දිස්ත්‍රික්කයෙ	N	district	යෙ
හිංදි	P	Hindi	
ලේබලය	N	label	ය
ට්‍රැක්ටරය	N	tractor	ය
ටොන්	N	ton	
ඇස්තමේන්තු	N	estimate	ු
ලිලි	P	Lily	
ඔප්ෂන්	E	option	
කිංස්බරි	P	Kingsbury	
රිද්මයෙහි	N	rhythm	යෙහි
ඔ‍ෆිස්	E	office	
අමන්දා	P	Amanda	
හෙජමොනිය	E	hegemony	ය
සින්ඩරෙල්ලාගේ	P	Cinderella	ගේ
ඇන්ටිලා	E	aunty	ලා
මයික්‍රසොෆ්ට්	P	Microsoft	
බ්ලූ	E	blue	
ඉස්කෝලවල	N	school	වල
හැනා	P	Hannah	
ස්මිත්	P	Smith	
ලයිට්	E	light	
සැලි	P	Sally	
පෝර්ට්	P	Port	
සොසේජස්	E	sausages	
හොට්	E	hot	
ඩොග්	E	dog	
ජෝගෙන්	P	Joe	ගෙන්
කාඩ්බෝඩ්	E	cardboard	
බෙන්ජමින්	P	Benjamin	
ඇල්කොහොල්	N	alcohol	
අයර්ලන්ත	P	Ireland	
බෝම්බත්	N	bomb	ත්
ඈන්ග්ගේ	P	Aang	ගේ
අයිඑම්එෆ්	P	IMF	
ගාසා	P	Gaza	
පෙබරවාරියේ	N	February	යේ
ලූකස්	P	Lucas	
කොමෙන්ටුව	E	comment	ුව
හෝම්ස්ගේ	P	Holmes	ගේ
බරොව්ස්	P	Burrows	
ඩීසීඩී	E	DCD	
වෙඩින්	E	wedding	
පාකිස්තානයේ	P	Pakistan	යේ
මෙගාවොට්	N	megawatt	
කමෙන්ටියක්	E	comment	ියක්
නතාෂා	P	Natasha	
රෙස්ට්	E	rest	
ගෙස්ට්	E	guest	
පාකිස්ථාන	P	Pakistan	
ජොබ්ස්	P	Jobs	
සොෆී	P	Sophie	
ෂෝල්	P	Scholl	
සුඩානයේ	P	Sudan	යේ
ස්ටීක්	E	steak	
අක්කරට	N	acre	ට
ටෙක්	E	tech	
ජුලියස්	P	Julius	
ආදම්	P	Adam	
පැකේජය	E	package	ය
කොන්ට්‍රෝල්	E	control	
හොකී	N	hockey	
පොලිස්පතිවරයා	N	police	පතිවරයා
තියරිය	E	theory	ය
සැම්සුන්	P	Samsung	
අප්‍රිකාව	P	Africa	ව
මැක්ස්ගේ	P	Max	ගේ
ටෙලිනාට්‍යයක්	N	tele	නාට්‍යයක්
කොමෙන්‍ටුව	E	comment	ුව
ඇන්ඩ්‍රොයිඩ්	P	Android	
හෙලිකොප්ටර්	N	helicopter	
බේසම්	N	basin	
එන්ගලන්තයේ	P	England	යේ
වින්සර්	P	Windsor	
තායිලන්තේදී	P	Thailand	ේදී
ඕවර්	E	over	
පොයින්ට්	E	point	
ඔස්ට්‍රේලියා	P	Australia	
ජූනියර්	E	junior	
ක්ලබ්	E	club	
ටිවී	E	TV	
කොංග්‍රස්	P	Congress	
ප්ලේන්ටිය	N	plain tea	ය
ටවුන්	E	town	
මීටරේ	N	meter	ේ
හැන්ක්	P	Hank	
ඇන්ටෝනියෝගේ	P	Antonio	ගේ
රැළියක්	N	rally	යක්
ග්‍රාබියෙල්	P	Gabriel	
ඇලුමිනියම්	N	aluminium	
තියටර්	E	theatre	
තැන්කියු	E	thank you	
ස්ට්‍රේට්	E	straight	
වීසාව	N	visa	ව
මුම්බායි	P	Mumbai	
කැලිෆෝනියානු	P	California	නු
නෝට්ටුවල	N	note	ුවල
මවුස්	E	mouse	
කවුන්ටරයෙහි	N	counter	යෙහි
ජර්මනියේ	P	Germany	යේ
ලින්කන්වත්	P	Lincoln	වත්
කොම්පියුටරේ	E	computer	ේ
ජෙසිකා	P	Jessica	
චැන්ටේන්	P	Chastain	
එටිසලාට්	P	Etisalat	
බ්ලොගක්	E	blog	ක්
සොෆියාව	P	Sophia	ව
රොබෝ	E	robot	
සර්කස්	N	circus	
ඊමේලයක්	E	email	යක්
ලෝගෝ	E	logo	
පොලිස්පති	N	police	පති
කන්ගනා	P	Kangana	
රනාවුට්	P	Ranaut	
බෑන්	P	Ban	
සයිමන්ගේ	P	Simon	ගේ
එලිසබෙතානු	P	Elizabeth	ානු
ඩෙල්	P	Dell	
කොකාකෝලා	P	Coca-Cola	
උත්තරාකන්ද්	P	Uttarakhand	
වෙස්ට්මෝලන්ඩ්	P	Westmorland	
සුසී	P	Susie	
සිම්රන්	P	Simran	
කමෙන්ඩ්	E	comment	
චාර්ලි	P	Charlie	
සැට්	E	set	
අනීතා	P	Anita	
තීම්	E	theme	
ඊශ්‍රායෙල්	P	Israel	
මුම්බායිහි	P	Mumbai	හි
පීසා	E	pizza	
චේ	P	Che	
වෛරසය	N	virus	ය
කවුන්සිලයේ	N	council	යේ
ජොනී	P	Johnny	
පෝස්ටුවක්	E	post	ුවක්
සොන්යා	P	Sonya	
ඇනෝල	E	anon	ල
ක්ලාරා	P	Clara	
සාජන්	N	sergeant	
කැනඩාවෙද	P	Canada	වෙද
යුරෝපීයන්	P	Europe	ීයන්
ජෝෆ්රි	P	Joffrey	
අයින්ස්ටයින්ට	P	Einstein	ට
කෙස්ටෙවන්	P	Kesteven	
ග්‍රැන්තම්	P	Grantham	
තෑන්කූ	E	thank you	
ගයිඩන්ස්	E	guidance	
ඊජිත්තුවේ	P	Egypt	ුවේ
සුලූ	P	Zulu	
කැරිබියන්	P	Caribbean	
ඩොල්ෆින්	N	dolphin	
මොනාලිසා	P	Mona Lisa	
ජූනි	N	June	
රොබෝවෙක්වත්	E	robot	වෙක්වත්
කමෙන්ටුවකින්	E	comment	ුවකින්
බෙන්ගාලි	P	Bengali	
රොෂෙල්	P	Rochelle	
කැප්ටන්සි	E	captaincy	
බේකන්	E	bacon	
මලයාලි	P	Malayali	
අප්සට්	E	upset	
රොයිල්	E	royal	
හිරෝමිගේ	P	Hiromi	ගේ
කැනඩා	P	Canada	
ස්ක්‍රීන්	E	screen	
බල්ක්	E	bulk	
බයිසිකලයේ	N	bicycle	යේ
බ්‍රව්සර්	E	browser	
සිනමාවෙන්	N	cinema	වෙන්
කොමික්	E	comic	
ලේක්හවුස්	P	Lake House	
එන්ට්‍රි	E	entry	
ඔපරේටර්	E	operator	
ස්පීඩි	E	speedy	
ඉතාලියේය	P	Italy	යේය
ආට්	E	art	
එන්ජිමේ	N	engine	මේ
හෝර්ටන්	P	Horton	
වෙස්ලියන්	P	Wesleyan	
මොන්රෝගේ	P	Monroe	ගේ
බ්ලොග්කරුවෙකුට	E	blog	කරුවෙකුට
ජොලියෙ	N	jolly	යෙ
දෙපාර්තමේන්තු	N	department	ු
ඉංදියාවෙ	P	India	වෙ
ගිටාරයක්	N	guitar	යක්
ස්පිකර්වල	E	speaker	වල
ප්‍රොජෙක්ට්	E	project	
වයලීනයේ	N	violin	යේ
ප්ලේන්	E	plane	
ග්‍රීසියේ	P	Greece	ියේ
වයිරස්	E	virus	
ගාන්ධිට	P	Gandhi	ට
වික්ටරයව	P	Victor	යව
ඩයලොග්	E	dialogue	
ඇමරිකාවටත්	P	America	වටත්
සිටුවේෂන්	E	situation	
පොලිසියෙන්මයි	N	police	ියෙන්මයි
බයිබලය	N	Bible	ය
බංගලාදේශය	P	Bangladesh	ය
බැකෝ	N	backhoe	
ටවුමේ	N	town	මේ
ලෙනින්වාදී	P	Lenin	වාදී
ඇලිස්ට	P	Alice	ට
බවර්බර්ඩ්	E	bowerbird	
බංගලාවට	N	bungalow	වට
රොබරිය	E	robbery	ය
ටැබූ	E	taboo	
අමෙරිකන්	P	American	
ආකිමිඩිස්	P	Archimedes	
අංකල්ගේ	E	uncle	ගේ
ටියුන්	E	tune	
ඈමරිකාවෙ	P	America	වෙ
අරාබියෙන්	P	Arabia	යෙන්
වියට්නාමයට	P	Vietnam	යට
සැප්තැම්බර්වෙනි	N	September	වෙනි
ඇන්ටනී	P	Anthony	
පයිප්ප	N	pipe	ප
සිඩ්නිගෙන්	P	Sidney	ගෙන්
නෝට්ටුව	N	note	ටුව
ස්කොට්ලන්තේ	P	Scotland	ේ
කියුබානු	P	Cuban	
තැලිසීමියා	N	thalassemia	
හරප්පා	P	Harappa	
පෙන්ත්හවුස්	E	penthouse	
රවුටරේට	E	router	ේට
කාශ්මීරය	P	Kashmir	ය
චැනලය	E	channel	ය
බ්ලොගයක්	E	blog	යක්
ආර්ටිකල්	E	article	
කැමරාවට	N	camera	වට
ඉස්කොලෙ	N	school	ෙ
සබ්ස්	E	subs	
ලෙමන්	E	lemon	
පෆ්	E	puff	
ඩෝසරයක්	N	dozer	යක්
බටර්ද	N	butter	ද
වන්ට්‍රීහිල්	P	One Tree Hill	
චංගුමී	P	Jang Geum	
මවුන්ට්	P	Mount	
එළිසබත්	P	Elizabeth	
කොංග්‍රසයට	N	congress	යට
සෙන්ටිමීටරක්	N	centimetre	ක්
රේස්	E	race	
ෆුට්බෝල්	N	football	
ඔලිවර්ගේ	P	Oliver	ගේ
වුල්වරීන්ව	P	Wolverine	ව
එක්සේවියර්	P	Xavier	
සීරියස්	E	serious	
බාර්බිගේ	P	Barbie	ගේ
හෝම්ස්ට	P	Holmes	ට
කමෙන්ට්කරුවාට	E	comment	කරුවාට
බෝම්බය	N	bomb	ය
ආමඩිල්ලා	N	armadillo	ා
ටැමිල්නෙට්	P	TamilNet	
ගැබ්රිඑලා	P	Gabriela	
වෙනිවිෂන්	P	Venevision	
චෙක්පත්	N	cheque	පත්
බ්‍රෙෂියර්	E	brassiere	
නොබෙල්	P	Nobel	
කික්	E	kick	
ස්ලාවික	P	Slavic	
ජූන්	N	June	
පෙට්‍රෝල්	N	petrol	
බංගලාදේශයේ	P	Bangladesh	යේ
ඇෆ්ගනිස්ථානයේ	P	Afghanistan	යේ
පියුන්	N	peon	
වියට්නාමය	P	Vietnam	ය
ටොෆි	N	toffee	
තියඩෝ	P	Theodore	
හෝටලයක	N	hotel	යක
එම්බෙඩ්	E	embed	
පෑන්කේක්	N	pancake	
ෆස්ට්	E	first	
ෆැමිලි	E	family	
හැන්සල්වයි	P	Hansel	වයි
ග්‍රේටල්වයි	P	Gretel	වයි
බැංකුවටත්	N	bank	ුවටත්
කිලෝමීටරයකට	N	kilometre	යකට
සෝඩා	N	soda	
ලුමිනස්	E	luminous	
ඉස්කෝලෙටත්	N	school	ෙටත්
ස්ප්‍රින්	E	spring	
අන්ලිමිටඩ්	E	unlimited	
ට්‍රැක්එකට	E	track	එකට
කපූර්	P	Kapoor	
ටිබෙට්	P	Tibet	
ඩොමිනික්	P	Dominic	
ලිලැක්	E	lilac	
බැංගලෝරය	P	Bangalore	ය
බි්‍රතාන්‍ය	P	British	
ෆේක්	E	fake	
හෝමෝ	E	homo	
ෆෝබියාවෙන්	E	phobia	වෙන්
ලිබරල්	E	liberal	
පාටි	E	party	
දිල්ලියට	P	Delhi	යට
ඇක්ශන්	E	action	
ඕස්ට්‍රේලියාවට	P	Australia	වට
ඩැග්	P	Dag	
හැමර්ෂල්	P	Hammarskjöld	
සාතන්	P	Satan	
රයිෆල්	N	rifle	
කොරිඩෝව	N	corridor	ව
කමෙන්ටුවේ	E	comment	ුවේ
අයින්ස්ටයින්ගේ	P	Einstein	ගේ
ලන්ඩනයේ	P	London	යේ
